st,state,year,partycontrol,democracy_mcmc,democracy_mcmc_sd,democracy_mcmc_se,democracy_additive
AL,Alabama,2018,0,-1.443256114,0.307740977,0.002176057,-0.43753118
AL,Alabama,2017,0,-1.453594007,0.306855957,0.002169799,-0.514498087
AL,Alabama,2016,0,-1.454797283,0.305442237,0.002159803,-0.514498087
AL,Alabama,2015,0,-1.425692294,0.306386223,0.002166478,-1.502082825
AL,Alabama,2014,0,-1.425753912,0.30635071,0.002166227,-1.502082825
AL,Alabama,2013,0,-1.630493981,0.307317917,0.002173066,-1.528253151
AL,Alabama,2012,0,-1.630051691,0.306300196,0.002165869,-1.51902717
AL,Alabama,2011,0,-0.815177409,0.308915982,0.002184366,-1.291878019
AL,Alabama,2010,1,-0.807453924,0.307660749,0.00217549,-1.283853134
AL,Alabama,2009,1,0.096130668,0.306406083,0.002166618,-1.085360735
AL,Alabama,2008,1,0.084439591,0.308368767,0.002180496,-1.124251087
AL,Alabama,2007,1,-0.806056098,0.305201001,0.002158097,-1.635728814
AL,Alabama,2006,1,-0.801563774,0.305558474,0.002160625,-1.605235591
AL,Alabama,2005,1,-0.731807388,0.30479088,0.002155197,-1.554596183
AL,Alabama,2004,1,-0.716452855,0.306977417,0.002170658,-1.516382604
AL,Alabama,2003,1,-0.832906913,0.305263558,0.002158539,-1.72932836
AL,Alabama,2002,2,-0.751490772,0.304576887,0.002153684,-1.566248624
AL,Alabama,2001,2,-1.386796933,0.302729268,0.002140619,-1.737443734
AL,Alabama,2000,2,-1.417668626,0.306354037,0.00216625,-1.808554542
AK,Alaska,2018,1,0.174086606,0.304203371,0.002151043,1.629786895
AK,Alaska,2017,1,0.172404034,0.306506375,0.002167327,1.421218219
AK,Alaska,2016,1,0.172897354,0.304158182,0.002150723,1.421218219
AK,Alaska,2015,1,0.185831397,0.30285072,0.002141478,0.764020974
AK,Alaska,2014,0,0.18326089,0.302946435,0.002142155,0.764020974
AK,Alaska,2013,0,0.203194107,0.300115414,0.002122136,0.837053366
AK,Alaska,2012,1,0.191564378,0.301812493,0.002134137,0.826797267
AK,Alaska,2011,1,0.145994875,0.303817353,0.002148313,0.643011368
AK,Alaska,2010,1,0.150536902,0.30754119,0.002174645,0.656601107
AK,Alaska,2009,1,0.246525143,0.304652774,0.00215422,0.406664199
AK,Alaska,2008,0,0.243178111,0.30241221,0.002138377,0.424380677
AK,Alaska,2007,0,0.212687274,0.303135183,0.002143489,0.31623461
AK,Alaska,2006,0,0.215002008,0.304825841,0.002155444,0.318913048
AK,Alaska,2005,0,0.252986018,0.303023592,0.0021427,0.435064561
AK,Alaska,2004,0,0.254610249,0.302718239,0.002140541,0.437505555
AK,Alaska,2003,0,0.233380748,0.300114991,0.002122133,0.369441614
AK,Alaska,2002,1,0.236144883,0.301310867,0.00213059,0.356653991
AK,Alaska,2001,1,0.23046425,0.30128938,0.002130438,0.153326713
AK,Alaska,2000,1,0.242083738,0.303162946,0.002143686,0.169411561
AZ,Arizona,2018,0,0.653683782,0.305317701,0.002158922,0.307481689
AZ,Arizona,2017,0,0.670993108,0.307069385,0.002171308,0.248352828
AZ,Arizona,2016,0,0.668705669,0.305955716,0.002163434,0.248352828
AZ,Arizona,2015,0,0.650897888,0.307021675,0.002170971,0.070806861
AZ,Arizona,2014,0,0.647803942,0.306541242,0.002167574,0.070806861
AZ,Arizona,2013,0,0.397874779,0.304855019,0.002155651,-0.254209042
AZ,Arizona,2012,0,0.436585717,0.307018229,0.002170947,-0.195531322
AZ,Arizona,2011,0,0.059805835,0.30369861,0.002147473,-0.736167333
AZ,Arizona,2010,0,0.068230824,0.308993498,0.002184914,-0.731302722
AZ,Arizona,2009,0,0.079343454,0.304053752,0.002149985,-1.303557533
AZ,Arizona,2008,1,0.056614155,0.306828238,0.002169603,-1.31900657
AZ,Arizona,2007,1,0.510264172,0.307102339,0.002171541,-1.071086993
AZ,Arizona,2006,1,0.500558734,0.30205386,0.002135843,-1.074213623
AZ,Arizona,2005,1,-0.538420832,0.30576506,0.002162085,-1.288858739
AZ,Arizona,2004,1,-0.530980176,0.307311275,0.002173019,-1.276594535
AZ,Arizona,2003,1,-0.293071317,0.304746266,0.002154882,-0.867464597
AZ,Arizona,2002,1,-0.289746214,0.305127564,0.002157578,-0.863898258
AZ,Arizona,2001,1,-0.27961526,0.303386066,0.002145263,-0.816921736
AZ,Arizona,2000,0,-0.277847784,0.306301336,0.002165878,-0.824655469
AR,Arkansas,2018,0,-1.090207035,0.303982943,0.002149484,-1.296993386
AR,Arkansas,2017,0,-1.093527111,0.305853512,0.002162711,-1.161971322
AR,Arkansas,2016,0,-1.096391156,0.30508584,0.002157283,-1.161971322
AR,Arkansas,2015,0,-0.797600894,0.305328254,0.002158997,-1.089054432
AR,Arkansas,2014,1,-0.794795185,0.306065698,0.002164211,-1.089054432
AR,Arkansas,2013,1,-0.584205448,0.303509602,0.002146137,-0.607254524
AR,Arkansas,2012,2,-0.312481685,0.304820849,0.002155409,-0.061999573
AR,Arkansas,2011,2,-0.248614615,0.303883607,0.002148782,-0.293734303
AR,Arkansas,2010,2,-0.254615168,0.303778334,0.002148037,-0.284261786
AR,Arkansas,2009,2,-0.194516242,0.30444801,0.002152773,-0.192008509
AR,Arkansas,2008,2,-0.226373821,0.302312237,0.00213767,-0.206904483
AR,Arkansas,2007,2,-0.304914056,0.302324377,0.002137756,-0.269418028
AR,Arkansas,2006,1,-0.301170175,0.304534189,0.002153382,-0.262460044
AR,Arkansas,2005,1,-0.192600473,0.301894037,0.002134713,-0.195282466
AR,Arkansas,2004,1,-0.156038892,0.302480954,0.002138863,-0.15325091
AR,Arkansas,2003,1,-0.080184449,0.301837216,0.002134311,-0.146988186
AR,Arkansas,2002,1,-0.114918571,0.302749054,0.002140759,-0.16316954
AR,Arkansas,2001,1,-0.015011268,0.303446433,0.00214569,-0.05587434
AR,Arkansas,2000,1,0.041319077,0.304853055,0.002155637,-0.030180338
CA,California,2018,2,1.124669545,0.306686453,0.002168601,1.563196472
CA,California,2017,2,1.254381542,0.307260101,0.002172657,1.444327759
CA,California,2016,2,1.250198979,0.305562255,0.002160651,1.444327759
CA,California,2015,2,1.399986259,0.308077467,0.002178437,0.608121527
CA,California,2014,2,1.399238508,0.30803528,0.002178138,0.608121527
CA,California,2013,2,1.846947917,0.306656725,0.00216839,0.673173934
CA,California,2012,2,1.847103409,0.305369563,0.002159289,0.635240346
CA,California,2011,2,0.992503439,0.307766019,0.002176234,-0.599310049
CA,California,2010,1,0.995939456,0.302642179,0.002140003,-0.62512284
CA,California,2009,1,0.381467958,0.306785722,0.002169303,-0.782136233
CA,California,2008,1,0.386586989,0.304264361,0.002151474,-0.776400474
CA,California,2007,1,0.96513137,0.305204702,0.002158123,-0.55761855
CA,California,2006,1,0.954536026,0.305063977,0.002157128,-0.528010394
CA,California,2005,1,1.02060488,0.304364682,0.002152183,-0.224574157
CA,California,2004,1,0.977284028,0.305003785,0.002156702,-0.42302248
CA,California,2003,2,0.777326341,0.302114277,0.002136271,-0.487203485
CA,California,2002,2,0.81400043,0.305247312,0.002158424,-0.498808021
CA,California,2001,2,1.346898417,0.306649253,0.002168338,-0.049746014
CA,California,2000,2,1.321881675,0.306953951,0.002170492,-0.122467582
CO,Colorado,2018,1,1.518739858,0.308682516,0.002182715,2.207696411
CO,Colorado,2017,1,1.271161399,0.306046039,0.002164072,1.652104689
CO,Colorado,2016,1,1.264488877,0.309202715,0.002186393,1.652104689
CO,Colorado,2015,1,1.572208592,0.306824763,0.002169579,1.78141361
CO,Colorado,2014,2,1.577970678,0.309019158,0.002185095,1.78141361
CO,Colorado,2013,2,1.509056093,0.304461028,0.002152865,1.835967524
CO,Colorado,2012,1,1.40285374,0.304506899,0.002153189,1.252091646
CO,Colorado,2011,1,1.077512696,0.306286821,0.002165775,0.863117113
CO,Colorado,2010,2,1.071230852,0.30420407,0.002151048,0.85224249
CO,Colorado,2009,2,0.640043917,0.303237622,0.002144214,0.257317449
CO,Colorado,2008,2,0.621651188,0.303586529,0.002146681,0.233948777
CO,Colorado,2007,2,1.52524481,0.304356778,0.002152127,0.623715154
CO,Colorado,2006,1,1.518180344,0.30517323,0.002157901,0.611948662
CO,Colorado,2005,1,1.138435235,0.306444531,0.00216689,0.54086835
CO,Colorado,2004,0,1.132808115,0.305252825,0.002158463,0.541552478
CO,Colorado,2003,0,1.260203198,0.303450567,0.00214572,0.533109425
CO,Colorado,2002,1,1.383609507,0.307700407,0.00217577,0.566305134
CO,Colorado,2001,1,1.305174081,0.305847576,0.002162669,0.430359586
CO,Colorado,2000,0,1.307657991,0.305992164,0.002163691,0.435120313
CT,Connecticut,2018,2,0.006125834,0.305699544,0.002161622,1.346437874
CT,Connecticut,2017,2,0.003665267,0.302556245,0.002139396,1.217493102
CT,Connecticut,2016,2,0.007277282,0.301540558,0.002132214,1.217493102
CT,Connecticut,2015,2,0.247155713,0.302683811,0.002140298,0.901808625
CT,Connecticut,2014,2,0.24373547,0.302580631,0.002139568,0.901808625
CT,Connecticut,2013,2,0.271659841,0.30335714,0.002145059,0.734117472
CT,Connecticut,2012,2,0.269881362,0.30455644,0.002153539,0.597887292
CT,Connecticut,2011,2,0.265708571,0.304292934,0.002151676,-0.246370801
CT,Connecticut,2010,1,0.234183345,0.303052432,0.002142904,-0.349870149
CT,Connecticut,2009,1,0.143864477,0.303105133,0.002143277,-0.702622175
CT,Connecticut,2008,1,0.126931516,0.302577838,0.002139548,-0.751286136
CT,Connecticut,2007,1,0.135252604,0.303388346,0.00214528,-0.80065263
CT,Connecticut,2006,1,0.130545061,0.302170788,0.00213667,-0.783276647
CT,Connecticut,2005,1,-0.008021567,0.301760503,0.002133769,-0.972350613
CT,Connecticut,2004,1,0.000406905,0.303028848,0.002142738,-0.962422785
CT,Connecticut,2003,1,0.186680414,0.303612501,0.002146865,-1.005612674
CT,Connecticut,2002,1,0.19050056,0.303128084,0.002143439,-0.99671624
CT,Connecticut,2001,1,0.099874357,0.302545183,0.002139318,-0.955172116
CT,Connecticut,2000,1,0.100552855,0.302320135,0.002137726,-0.955699093
DE,Delaware,2018,2,-0.243333028,0.303275131,0.002144479,0.654158334
DE,Delaware,2017,2,-0.242450572,0.302528006,0.002139196,0.79607306
DE,Delaware,2016,2,-0.240832344,0.305290384,0.002158729,0.79607306
DE,Delaware,2015,2,-0.046142107,0.304619575,0.002153986,0.536318152
DE,Delaware,2014,2,-0.047543717,0.306137909,0.002164722,0.536318152
DE,Delaware,2013,2,0.126904343,0.303860855,0.002148621,0.308224582
DE,Delaware,2012,2,0.080995567,0.304774723,0.002155083,0.177827728
DE,Delaware,2011,2,0.211312215,0.304570877,0.002153641,0.093566872
DE,Delaware,2010,2,0.216001954,0.303897852,0.002148882,0.096951349
DE,Delaware,2009,2,-0.031229573,0.304293219,0.002151678,-0.117687384
DE,Delaware,2008,1,-0.058040793,0.305409321,0.00215957,-0.161753843
DE,Delaware,2007,1,-0.496328001,0.305994749,0.00216371,-0.686575075
DE,Delaware,2006,1,-0.492972801,0.305249045,0.002158437,-0.684508489
DE,Delaware,2005,1,-0.571793609,0.306423985,0.002166745,-0.63114174
DE,Delaware,2004,1,-0.57521192,0.304182051,0.002150892,-0.646012638
DE,Delaware,2003,1,-0.339088441,0.302683919,0.002140299,-0.587501558
DE,Delaware,2002,1,-0.379804408,0.306160502,0.002164882,-0.634871263
DE,Delaware,2001,1,-0.703166601,0.305865002,0.002162792,-0.851299774
DE,Delaware,2000,1,-0.703757102,0.306708072,0.002168754,-0.855657049
FL,Florida,2018,0,0.212045404,0.304866189,0.002155729,0.011584398
FL,Florida,2017,0,0.049257015,0.31020127,0.002193454,-0.215789892
FL,Florida,2016,0,0.042260721,0.304440326,0.002152718,-0.215789892
FL,Florida,2015,0,-0.801411277,0.305929897,0.002163251,-0.888557774
FL,Florida,2014,0,-0.796124335,0.305675157,0.00216145,-0.888557774
FL,Florida,2013,0,-0.89774719,0.304021456,0.002149756,-0.822075349
FL,Florida,2012,0,-0.837518258,0.302635932,0.002139959,-0.894840715
FL,Florida,2011,0,-1.646062181,0.305755248,0.002162016,-1.445122313
FL,Florida,2010,0,-1.651812016,0.304481,0.002153006,-1.118234551
FL,Florida,2009,0,-1.32521339,0.304498831,0.002153132,-1.108933937
FL,Florida,2008,0,-1.325025717,0.304925951,0.002156152,-1.081061275
FL,Florida,2007,0,-1.553966034,0.305131544,0.002157606,-1.544425265
FL,Florida,2006,0,-1.573482739,0.303738605,0.002147756,-1.677841215
FL,Florida,2005,0,-1.999422626,0.304348038,0.002152066,-1.749105866
FL,Florida,2004,0,-1.955779663,0.310491073,0.002195503,-1.643367297
FL,Florida,2003,0,-1.758785615,0.306825053,0.002169581,-1.592409919
FL,Florida,2002,0,-1.753081555,0.305287032,0.002158705,-1.548184481
FL,Florida,2001,0,-0.518344258,0.305121545,0.002157535,-0.944360121
FL,Florida,2000,0,-0.50249808,0.303587298,0.002146686,-1.177044575
GA,Georgia,2018,0,-1.769533514,0.308796023,0.002183518,-0.783861853
GA,Georgia,2017,0,-1.990982069,0.309892569,0.002191271,-0.81090603
GA,Georgia,2016,0,-1.989298327,0.30848947,0.00218135,-0.81090603
GA,Georgia,2015,0,-2.121925365,0.309496302,0.002188469,-1.032810874
GA,Georgia,2014,0,-2.124628975,0.30949362,0.00218845,-1.032810874
GA,Georgia,2013,0,-1.908486536,0.307199318,0.002172227,-1.312589052
GA,Georgia,2012,0,-1.877162203,0.303933602,0.002149135,-1.217938687
GA,Georgia,2011,0,-1.284789663,0.308159233,0.002179015,-1.23621242
GA,Georgia,2010,0,-1.279521975,0.307463944,0.002174098,-1.239965729
GA,Georgia,2009,0,-1.02531025,0.306700544,0.0021687,-0.832179566
GA,Georgia,2008,0,-1.052945623,0.307889894,0.00217711,-0.860408486
GA,Georgia,2007,0,-1.068240761,0.308728789,0.002183042,-0.920442032
GA,Georgia,2006,0,-1.06918392,0.30790688,0.00217723,-0.91425715
GA,Georgia,2005,0,0.336129207,0.310286227,0.002194055,-0.003317555
GA,Georgia,2004,1,0.492178976,0.309707818,0.002189965,0.247939981
GA,Georgia,2003,1,0.281877456,0.307107385,0.002171577,0.115078884
GA,Georgia,2002,2,0.207926293,0.308427042,0.002180909,-0.428525158
GA,Georgia,2001,2,-1.170536903,0.306121038,0.002164603,-1.01188363
GA,Georgia,2000,2,-1.164097765,0.305186149,0.002157992,-1.011916599
HI,Hawaii,2018,2,0.102737186,0.304822895,0.002155423,1.951278537
HI,Hawaii,2017,2,0.150846864,0.305681296,0.002161493,1.650883223
HI,Hawaii,2016,2,0.147834909,0.304578349,0.002153694,1.650883223
HI,Hawaii,2015,2,0.177151966,0.304417725,0.002152558,1.269920752
HI,Hawaii,2014,2,0.178004927,0.308318957,0.002180144,1.269920752
HI,Hawaii,2013,2,0.523328617,0.303183356,0.00214383,1.172847085
HI,Hawaii,2012,2,0.547112339,0.306319543,0.002166006,1.035097307
HI,Hawaii,2011,2,0.520200944,0.304045734,0.002149928,0.778925384
HI,Hawaii,2010,1,0.520814716,0.306468091,0.002167057,0.767001131
HI,Hawaii,2009,1,0.222406738,0.305313806,0.002158895,0.629949863
HI,Hawaii,2008,1,0.240156637,0.305452714,0.002159877,0.675803033
HI,Hawaii,2007,1,0.334348896,0.304695268,0.002154521,0.473838422
HI,Hawaii,2006,1,0.33945425,0.302749992,0.002140766,0.481798671
HI,Hawaii,2005,1,0.521306956,0.305151732,0.002157749,0.631439687
HI,Hawaii,2004,1,0.538651356,0.305329066,0.002159003,0.381881899
HI,Hawaii,2003,1,0.633521449,0.302528032,0.002139196,0.498381552
HI,Hawaii,2002,2,0.659170965,0.304968466,0.002156453,0.531573614
HI,Hawaii,2001,2,0.666186948,0.305000286,0.002156678,0.643086473
HI,Hawaii,2000,2,0.670387172,0.304342641,0.002152027,0.645628485
ID,Idaho,2018,0,-0.445167378,0.302224214,0.002137048,0.517145297
ID,Idaho,2017,0,-0.449343656,0.304115653,0.002150422,0.308355218
ID,Idaho,2016,0,-0.450253277,0.306599834,0.002167988,0.308355218
ID,Idaho,2015,0,-0.443657577,0.303979149,0.002149457,0.156783302
ID,Idaho,2014,0,-0.448751652,0.303120758,0.002143387,0.156783302
ID,Idaho,2013,0,-0.363917962,0.306071909,0.002164255,0.357159316
ID,Idaho,2012,0,-0.333778402,0.305669138,0.002161407,0.240963668
ID,Idaho,2011,0,-0.380201439,0.303980874,0.002149469,-0.021381651
ID,Idaho,2010,0,-0.382366223,0.302237043,0.002137139,-0.018270467
ID,Idaho,2009,0,-0.215483622,0.301610669,0.002132709,0.26366044
ID,Idaho,2008,0,-0.235716782,0.302877024,0.002141664,0.240202139
ID,Idaho,2007,0,-0.199737358,0.30534992,0.00215915,0.159183748
ID,Idaho,2006,0,-0.160279588,0.305542415,0.002160511,0.209867741
ID,Idaho,2005,0,-0.117637656,0.304304248,0.002151756,0.334557271
ID,Idaho,2004,0,-0.111496114,0.305660849,0.002161349,0.36586708
ID,Idaho,2003,0,-0.024711594,0.29993865,0.002120887,0.3452217
ID,Idaho,2002,0,-0.028325594,0.30284026,0.002141404,0.325994907
ID,Idaho,2001,0,-0.171110002,0.30256282,0.002139442,0.291655569
ID,Idaho,2000,0,-0.108921262,0.306833331,0.002169639,0.08465068
IL,Illinois,2018,1,1.628717496,0.307210397,0.002172306,1.784476351
IL,Illinois,2017,1,1.588604128,0.305254524,0.002158475,1.799647757
IL,Illinois,2016,1,1.592696051,0.309629579,0.002189412,1.799647757
IL,Illinois,2015,1,1.658016118,0.302813518,0.002141215,1.461235466
IL,Illinois,2014,2,1.605229741,0.305890581,0.002162973,1.201426203
IL,Illinois,2013,2,1.393102815,0.304112525,0.0021504,0.897448949
IL,Illinois,2012,2,1.410356195,0.304770036,0.00215505,0.813671978
IL,Illinois,2011,2,-0.538048394,0.305105608,0.002157422,-0.320658781
IL,Illinois,2010,2,-0.563366758,0.303342777,0.002144957,-0.417112014
IL,Illinois,2009,2,-0.01386994,0.304263551,0.002151468,-0.508656625
IL,Illinois,2008,2,-0.010786449,0.305045214,0.002156995,-0.508572021
IL,Illinois,2007,2,0.065113534,0.303038292,0.002142804,-0.569819319
IL,Illinois,2006,2,0.077348385,0.303310607,0.00214473,-0.545060431
IL,Illinois,2005,2,0.349054138,0.307159977,0.002171949,-0.212139973
IL,Illinois,2004,2,0.356488373,0.30589556,0.002163008,-0.198511309
IL,Illinois,2003,2,0.678107385,0.302649181,0.002140053,-0.056092665
IL,Illinois,2002,1,0.683602308,0.303292929,0.002144605,-0.055176934
IL,Illinois,2001,1,-0.086757663,0.306057388,0.002164153,-0.541056142
IL,Illinois,2000,1,-0.079183246,0.306671653,0.002168496,-0.523024004
IN,Indiana,2018,0,-1.336910105,0.305622,0.002161074,-0.58953436
IN,Indiana,2017,0,-1.217529443,0.307075135,0.002171349,-0.448580198
IN,Indiana,2016,0,-1.215708862,0.30547101,0.002160006,-0.448580198
IN,Indiana,2015,0,-1.537755313,0.306138644,0.002164727,-0.817781648
IN,Indiana,2014,0,-1.539128422,0.305707528,0.002161679,-0.817781648
IN,Indiana,2013,0,-1.645999506,0.304787361,0.002155172,-0.94267561
IN,Indiana,2012,0,-1.651949938,0.308938057,0.002184522,-0.903287661
IN,Indiana,2011,0,0.27579246,0.306705864,0.002168738,-0.226993897
IN,Indiana,2010,1,0.281613847,0.308075711,0.002178424,-0.2097515
IN,Indiana,2009,1,0.37303096,0.30225817,0.002137288,0.123850933
IN,Indiana,2008,1,0.350165298,0.303479172,0.002145922,0.099341468
IN,Indiana,2007,1,0.496223171,0.302848104,0.002141459,0.129055771
IN,Indiana,2006,0,0.498231448,0.305247309,0.002158424,0.123746524
IN,Indiana,2005,0,0.356574692,0.303455669,0.002145756,0.016094459
IN,Indiana,2004,1,0.599120362,0.304920246,0.002156112,0.527741584
IN,Indiana,2003,1,0.994452042,0.306509405,0.002167349,0.598791258
IN,Indiana,2002,1,0.935693656,0.302482642,0.002138875,0.346444611
IN,Indiana,2001,1,0.690429995,0.307293587,0.002172894,0.384310107
IN,Indiana,2000,1,0.695131001,0.305782684,0.00216221,0.121156141
IA,Iowa,2018,0,0.707857699,0.30610927,0.002164519,1.773071811
IA,Iowa,2017,0,0.690402159,0.306892176,0.002170055,1.557119766
IA,Iowa,2016,1,0.689146078,0.304118947,0.002150446,1.557119766
IA,Iowa,2015,1,0.625237513,0.299764039,0.002119652,1.149536736
IA,Iowa,2014,1,0.628254662,0.306220771,0.002165308,1.149536736
IA,Iowa,2013,1,0.644283926,0.301487731,0.00213184,1.199151638
IA,Iowa,2012,1,0.655675659,0.303918247,0.002149027,1.204727731
IA,Iowa,2011,1,0.862363061,0.304449676,0.002152784,1.100333296
IA,Iowa,2010,2,0.920184008,0.302420279,0.002138434,1.369787399
IA,Iowa,2009,2,0.951212764,0.30557472,0.00216074,1.378269532
IA,Iowa,2008,2,0.972258544,0.302699147,0.002140406,1.411406578
IA,Iowa,2007,2,0.907234895,0.306268951,0.002165649,1.329107333
IA,Iowa,2006,1,0.802281901,0.305043863,0.002156986,0.805120559
IA,Iowa,2005,1,0.827971147,0.303966348,0.002149367,1.013071213
IA,Iowa,2004,1,0.840489884,0.304403091,0.002152455,0.761836844
IA,Iowa,2003,1,0.711882605,0.305727956,0.002161823,0.554966346
IA,Iowa,2002,1,0.711222393,0.303560688,0.002146498,0.542736866
IA,Iowa,2001,1,0.589811529,0.305493678,0.002160167,0.486348713
IA,Iowa,2000,1,0.576046241,0.304678804,0.002154404,0.439585812
KS,Kansas,2018,0,-0.228664193,0.30168324,0.002133223,-1.148692968
KS,Kansas,2017,0,-0.19861941,0.304872527,0.002155774,-1.101729958
KS,Kansas,2016,0,-0.199175273,0.304622657,0.002154007,-1.101729958
KS,Kansas,2015,0,-0.38826992,0.302151359,0.002136533,-1.334931419
KS,Kansas,2014,0,-0.388159483,0.302614465,0.002139807,-1.334931419
KS,Kansas,2013,0,-0.312836001,0.301663614,0.002133084,-1.119167486
KS,Kansas,2012,0,-0.301401981,0.302494783,0.002138961,-1.163628483
KS,Kansas,2011,0,-0.074657033,0.303213048,0.00214404,-1.027101923
KS,Kansas,2010,1,0.17857104,0.306141282,0.002164746,-0.494406378
KS,Kansas,2009,1,0.118220797,0.305158316,0.002157795,-0.907457717
KS,Kansas,2008,1,0.10586065,0.304529989,0.002153352,-0.919010145
KS,Kansas,2007,1,0.19198829,0.305435697,0.002159757,-1.01898228
KS,Kansas,2006,1,0.196494503,0.304478731,0.00215299,-1.018707906
KS,Kansas,2005,1,0.19729724,0.30448497,0.002153034,-0.881395321
KS,Kansas,2004,1,0.197077905,0.30418881,0.00215094,-0.883790528
KS,Kansas,2003,1,0.275755627,0.304069965,0.002150099,-0.934345354
KS,Kansas,2002,0,0.277123475,0.303722101,0.00214764,-0.926708619
KS,Kansas,2001,0,-0.029002704,0.305457755,0.002159912,-1.359389879
KS,Kansas,2000,0,-0.029484924,0.305103401,0.002157407,-1.340284531
KY,Kentucky,2018,0,-0.370191099,0.306432041,0.002166802,0.09330068
KY,Kentucky,2017,0,-0.36785319,0.304903011,0.00215599,-0.055902191
KY,Kentucky,2016,1,-0.372346449,0.305858883,0.002162749,-0.055902191
KY,Kentucky,2015,1,-0.236089968,0.304863104,0.002155708,-0.704863614
KY,Kentucky,2014,1,-0.236186269,0.302579537,0.00213956,-0.704863614
KY,Kentucky,2013,1,-0.307842034,0.303396638,0.002145338,-0.744260455
KY,Kentucky,2012,1,-0.318063096,0.302705766,0.002140453,-0.78043264
KY,Kentucky,2011,1,-0.382711532,0.303525481,0.002146249,-1.042039465
KY,Kentucky,2010,1,-0.382796959,0.304287253,0.002151636,-1.043013525
KY,Kentucky,2009,1,-0.332180116,0.301411589,0.002131302,-0.942711946
KY,Kentucky,2008,1,-0.352817638,0.304805649,0.002155301,-0.97401586
KY,Kentucky,2007,1,-0.262023327,0.303816881,0.00214831,-0.969977354
KY,Kentucky,2006,1,-0.245104561,0.304508965,0.002153204,-0.912847292
KY,Kentucky,2005,1,-0.263270152,0.303347352,0.00214499,-0.893785781
KY,Kentucky,2004,1,-0.257977353,0.304461269,0.002152866,-0.896984975
KY,Kentucky,2003,1,-0.400107748,0.304841842,0.002155557,-1.019979108
KY,Kentucky,2002,1,-0.407254226,0.306438427,0.002166847,-1.051385621
KY,Kentucky,2001,1,-0.211365798,0.304850999,0.002155622,-1.107766407
KY,Kentucky,2000,1,-0.216098166,0.304731368,0.002154776,-1.133752761
LA,Louisiana,2018,0,-0.311630944,0.302617494,0.002139829,0.334078321
LA,Louisiana,2017,0,-0.353464164,0.304597018,0.002153826,0.496505436
LA,Louisiana,2016,0,-0.355010742,0.303483142,0.00214595,0.496505436
LA,Louisiana,2015,0,-0.307555714,0.304638449,0.002154119,0.13486598
LA,Louisiana,2014,0,-0.308357445,0.303366288,0.002145124,0.13486598
LA,Louisiana,2013,0,-0.460928665,0.305278038,0.002158642,-0.036089965
LA,Louisiana,2012,0,-0.479848267,0.305027697,0.002156872,-0.153560606
LA,Louisiana,2011,1,-0.476843725,0.304574225,0.002153665,-0.433430808
LA,Louisiana,2010,1,-0.485537277,0.304773128,0.002155071,-0.444371068
LA,Louisiana,2009,1,-0.403157834,0.303341631,0.002144949,-0.566040822
LA,Louisiana,2008,1,-0.411839186,0.303185641,0.002143846,-0.595683312
LA,Louisiana,2007,2,-0.452786431,0.305247779,0.002158428,-0.704393546
LA,Louisiana,2006,2,-0.478322551,0.305653181,0.002161294,-0.736587162
LA,Louisiana,2005,2,-0.384143779,0.302647727,0.002140043,-0.503191538
LA,Louisiana,2004,2,-0.395178488,0.303889262,0.002148822,-0.529890041
LA,Louisiana,2003,1,-0.426048106,0.302953419,0.002142204,-0.642158342
LA,Louisiana,2002,1,-0.446141601,0.303728008,0.002147681,-0.687382717
LA,Louisiana,2001,1,-0.447284849,0.30181313,0.002134141,-0.664078318
LA,Louisiana,2000,1,-0.439510166,0.302418859,0.002138424,-0.967512309
ME,Maine,2018,1,0.825977375,0.302252943,0.002137251,1.933708738
ME,Maine,2017,1,0.850729423,0.307884624,0.002177073,2.085050715
ME,Maine,2016,1,0.850284528,0.306716161,0.002168811,2.085050715
ME,Maine,2015,1,0.8624377,0.305827804,0.002162529,2.13659495
ME,Maine,2014,1,0.866958522,0.302922316,0.002141984,2.13659495
ME,Maine,2013,1,0.910385276,0.304968956,0.002156456,1.908951781
ME,Maine,2012,0,0.94380473,0.307255251,0.002172623,1.902089225
ME,Maine,2011,0,1.059109008,0.302179258,0.00213673,1.665170336
ME,Maine,2010,2,1.049972173,0.308293339,0.002179963,1.754187909
ME,Maine,2009,2,1.053012388,0.305330805,0.002159015,1.871366306
ME,Maine,2008,2,1.053505137,0.30858681,0.002182038,1.873922764
ME,Maine,2007,2,0.967024059,0.306382944,0.002166455,1.575313976
ME,Maine,2006,2,0.96586572,0.303511931,0.002146153,1.556240301
ME,Maine,2005,2,0.877498089,0.30612584,0.002164637,1.61348872
ME,Maine,2004,2,0.878339586,0.308133666,0.002178834,1.589461485
ME,Maine,2003,2,1.037531014,0.304410621,0.002152508,1.737745095
ME,Maine,2002,1,1.030492993,0.306822745,0.002169564,1.75257383
ME,Maine,2001,1,0.978720003,0.305107992,0.002157439,1.872067815
ME,Maine,2000,1,0.988495609,0.304685348,0.002154451,1.603155028
MD,Maryland,2018,1,0.293967749,0.304757249,0.002154959,1.782357413
MD,Maryland,2017,1,0.165660408,0.303798772,0.002148182,1.660081709
MD,Maryland,2016,1,0.167240858,0.308261738,0.00217974,1.660081709
MD,Maryland,2015,1,0.073675672,0.303900211,0.002148899,1.397746424
MD,Maryland,2014,2,0.074422008,0.305099226,0.002157377,1.397746424
MD,Maryland,2013,2,0.232073679,0.308174807,0.002179125,1.558177874
MD,Maryland,2012,2,0.205193455,0.305859291,0.002162752,1.033220673
MD,Maryland,2011,2,1.002205306,0.308404738,0.002180751,0.862374157
MD,Maryland,2010,2,0.999298161,0.305341014,0.002159087,0.869528326
MD,Maryland,2009,2,0.476256615,0.306012921,0.002163838,0.620696252
MD,Maryland,2008,2,0.472687912,0.30601834,0.002163876,0.60052032
MD,Maryland,2007,2,0.343380248,0.307734089,0.002176009,0.39412447
MD,Maryland,2006,1,0.303631715,0.302928325,0.002142027,0.242471401
MD,Maryland,2005,1,-0.061519646,0.306444959,0.002166893,0.2118316
MD,Maryland,2004,1,-0.058455879,0.307253775,0.002172612,0.218765816
MD,Maryland,2003,1,0.326640815,0.304039626,0.002149885,0.310695976
MD,Maryland,2002,2,0.323753958,0.306615686,0.0021681,0.304543532
MD,Maryland,2001,2,0.55238929,0.304913089,0.002156061,0.445978492
MD,Maryland,2000,2,0.554540897,0.306445728,0.002166899,0.175541983
MA,Massachusetts,2018,1,0.253092371,0.303521612,0.002146222,1.251180338
MA,Massachusetts,2017,1,0.293330454,0.305601365,0.002160928,1.355170825
MA,Massachusetts,2016,1,0.292018444,0.301917649,0.00213488,1.355170825
MA,Massachusetts,2015,1,-0.256601005,0.307044952,0.002171136,0.324991916
MA,Massachusetts,2014,2,-0.260349587,0.305856829,0.002162734,0.324991916
MA,Massachusetts,2013,2,0.129769807,0.305371817,0.002159305,0.484214336
MA,Massachusetts,2012,2,0.143078329,0.306136111,0.002164709,0.414160444
MA,Massachusetts,2011,2,-0.307403007,0.306906569,0.002170157,-0.304492659
MA,Massachusetts,2010,2,-0.301888199,0.302948029,0.002142166,-0.293671425
MA,Massachusetts,2009,2,0.357075943,0.30695692,0.002170513,0.081551282
MA,Massachusetts,2008,2,0.36017929,0.304962774,0.002156412,0.09302325
MA,Massachusetts,2007,2,0.747497995,0.305656709,0.002161319,0.27496202
MA,Massachusetts,2006,1,0.730084569,0.305312653,0.002158886,0.239741401
MA,Massachusetts,2005,1,0.373785135,0.303338999,0.002144931,0.196428054
MA,Massachusetts,2004,1,0.381122143,0.304814349,0.002155363,0.190263403
MA,Massachusetts,2003,1,0.085363424,0.308305244,0.002180047,-0.026881924
MA,Massachusetts,2002,1,0.081559454,0.303533037,0.002146303,-0.043842445
MA,Massachusetts,2001,1,0.416315395,0.304937567,0.002156234,0.212895496
MA,Massachusetts,2000,1,0.408262143,0.305931344,0.002163261,0.201646398
MI,Michigan,2018,0,-0.802965997,0.304596718,0.002153824,0.590163759
MI,Michigan,2017,0,-1.221582717,0.303575609,0.002146604,0.512360088
MI,Michigan,2016,0,-1.225018345,0.304710077,0.002154626,0.512360088
MI,Michigan,2015,0,-1.692785474,0.30610713,0.002164504,0.056603221
MI,Michigan,2014,0,-1.692398888,0.305974997,0.00216357,0.056603221
MI,Michigan,2013,0,-1.843430598,0.309528556,0.002188697,0.08013133
MI,Michigan,2012,0,-1.824511876,0.306939517,0.00217039,-0.001289953
MI,Michigan,2011,0,-0.332041935,0.305753868,0.002162006,0.732650541
MI,Michigan,2010,1,-0.34600509,0.306734379,0.00216894,0.712736899
MI,Michigan,2009,1,0.159683964,0.304003873,0.002149632,1.082988177
MI,Michigan,2008,1,0.118071547,0.302786138,0.002141021,0.980710499
MI,Michigan,2007,1,-1.086722671,0.305986308,0.00216365,0.240038438
MI,Michigan,2006,1,-1.074897746,0.3034737,0.002145883,0.246654153
MI,Michigan,2005,1,-1.100208551,0.305463333,0.002159952,0.348343309
MI,Michigan,2004,1,-1.094557152,0.304292494,0.002151673,0.352580069
MI,Michigan,2003,1,-1.157781633,0.305565746,0.002160676,0.204017867
MI,Michigan,2002,0,-1.160332004,0.305546165,0.002160538,0.197366417
MI,Michigan,2001,0,-0.036793809,0.306505541,0.002167321,0.946360337
MI,Michigan,2000,0,-0.027888424,0.305045409,0.002156997,0.957502015
MN,Minnesota,2018,1,0.554352759,0.307706637,0.002175814,1.535218673
MN,Minnesota,2017,1,0.477019827,0.304126627,0.0021505,1.562061286
MN,Minnesota,2016,1,0.473327401,0.304145937,0.002150637,1.562061286
MN,Minnesota,2015,1,0.581355607,0.304666009,0.002154314,1.504041864
MN,Minnesota,2014,2,0.583846283,0.304067796,0.002150084,1.504041864
MN,Minnesota,2013,2,0.786503649,0.305223194,0.002158254,1.551389009
MN,Minnesota,2012,1,0.796303547,0.306404392,0.002166606,1.476218357
MN,Minnesota,2011,1,0.947785533,0.303899882,0.002148897,1.553273929
MN,Minnesota,2010,1,0.925719069,0.303202096,0.002143963,1.488395807
MN,Minnesota,2009,1,0.613759769,0.302679274,0.002140266,1.259785295
MN,Minnesota,2008,1,0.60409789,0.305620039,0.00216106,1.216924348
MN,Minnesota,2007,1,0.791940316,0.303092625,0.002143189,1.194028772
MN,Minnesota,2006,1,0.786467846,0.30786739,0.002176951,1.162912099
MN,Minnesota,2005,1,0.531435939,0.303460213,0.002145788,1.130513195
MN,Minnesota,2004,1,0.528313419,0.30579748,0.002162315,1.109944405
MN,Minnesota,2003,1,0.544140778,0.306477957,0.002167126,0.998108167
MN,Minnesota,2002,1,0.531609372,0.303589305,0.002146701,0.957215366
MN,Minnesota,2001,1,1.049295893,0.304564152,0.002153594,1.350121129
MN,Minnesota,2000,1,0.999993116,0.306245357,0.002165482,1.186225653
MS,Mississippi,2018,0,-0.728055632,0.305995331,0.002163714,-1.428553741
MS,Mississippi,2017,0,-0.759146819,0.302698536,0.002140402,-1.441473547
MS,Mississippi,2016,0,-0.761128448,0.303486389,0.002145973,-1.441473547
MS,Mississippi,2015,0,-0.766911425,0.30764454,0.002175375,-1.826081915
MS,Mississippi,2014,0,-0.764118008,0.304901263,0.002155978,-1.826081915
MS,Mississippi,2013,0,-0.775944057,0.305852429,0.002162703,-2.245321369
MS,Mississippi,2012,0,-0.762665733,0.306869046,0.002169892,-2.19627682
MS,Mississippi,2011,1,-0.560400323,0.305212941,0.002158181,-1.871237836
MS,Mississippi,2010,1,-0.547675306,0.301683089,0.002133222,-1.853791951
MS,Mississippi,2009,1,-0.315739232,0.304081517,0.002150181,-1.782601625
MS,Mississippi,2008,1,-0.36495685,0.306005112,0.002163783,-1.902076214
MS,Mississippi,2007,1,-0.485878276,0.305581059,0.002160784,-1.97376032
MS,Mississippi,2006,1,-0.440005113,0.304974986,0.002156499,-1.862861307
MS,Mississippi,2005,1,-0.363958892,0.304466784,0.002152905,-1.863884687
MS,Mississippi,2004,1,-0.35416861,0.305853611,0.002162712,-1.837381619
MS,Mississippi,2003,2,-0.257284634,0.303592162,0.002146721,-1.795931304
MS,Mississippi,2002,2,-0.311950975,0.303542309,0.002146368,-1.869869979
MS,Mississippi,2001,2,-0.316517041,0.302181298,0.002136744,-1.856912432
MS,Mississippi,2000,2,-0.343418264,0.306046303,0.002164074,-1.952935465
MO,Missouri,2018,0,-1.976496194,0.306704731,0.00216873,-1.316007118
MO,Missouri,2017,0,-1.96489733,0.307582943,0.00217494,-1.199568475
MO,Missouri,2016,1,-1.964759999,0.305836283,0.002162589,-1.199568475
MO,Missouri,2015,1,-2.162458714,0.306026578,0.002163935,-1.327621527
MO,Missouri,2014,1,-2.162279968,0.307450582,0.002174004,-1.327621527
MO,Missouri,2013,1,-2.358270406,0.306577222,0.002167828,-1.665115717
MO,Missouri,2012,1,-2.341651771,0.307289769,0.002172867,-1.731298017
MO,Missouri,2011,1,-1.153008604,0.306068731,0.002164233,-1.446964951
MO,Missouri,2010,1,-1.131144651,0.304608772,0.002153909,-1.384377293
MO,Missouri,2009,1,-0.729892686,0.304670424,0.002154345,-0.909015222
MO,Missouri,2008,0,-0.724138313,0.304104452,0.002150343,-0.899683745
MO,Missouri,2007,0,-0.950652201,0.307104318,0.002171555,-1.168235543
MO,Missouri,2006,0,-0.935878708,0.306203784,0.002165188,-1.156912804
MO,Missouri,2005,0,-0.650820905,0.306718622,0.002168828,-0.491601752
MO,Missouri,2004,1,-0.652901515,0.303964024,0.00214935,-0.490153819
MO,Missouri,2003,1,-0.235599161,0.302936068,0.002142081,-0.197930257
MO,Missouri,2002,1,-0.23579911,0.303341445,0.002144948,-0.194825367
MO,Missouri,2001,1,-0.151774556,0.302396132,0.002138264,-0.04528351
MO,Missouri,2000,2,-0.130373006,0.303639597,0.002147056,-0.27992871
MT,Montana,2018,1,0.684263455,0.304932223,0.002156196,0.522451616
MT,Montana,2017,1,0.651953573,0.302745862,0.002140737,0.496762215
MT,Montana,2016,1,0.654084233,0.305381135,0.002159371,0.496762215
MT,Montana,2015,1,0.632457063,0.305102728,0.002157402,0.394148107
MT,Montana,2014,1,0.633242067,0.305679909,0.002161483,0.394148107
MT,Montana,2013,1,0.541820899,0.302368421,0.002138068,0.535866406
MT,Montana,2012,1,0.546643288,0.306222279,0.002165319,0.536689004
MT,Montana,2011,1,0.661057635,0.304141206,0.002150603,0.23212879
MT,Montana,2010,1,0.659714902,0.305713627,0.002161722,0.198449211
MT,Montana,2009,1,0.69905705,0.305213946,0.002158189,-0.394637818
MT,Montana,2008,1,0.734638308,0.302114071,0.002136269,-0.311460545
MT,Montana,2007,1,0.681188958,0.306770612,0.002169196,-0.379747449
MT,Montana,2006,1,0.682529549,0.305220716,0.002158236,-0.368215233
MT,Montana,2005,1,0.642682954,0.303524948,0.002146245,-0.367417868
MT,Montana,2004,0,0.599888355,0.303138183,0.002143511,-0.642039729
MT,Montana,2003,0,0.56726869,0.303026057,0.002142718,-0.676721558
MT,Montana,2002,0,0.675033536,0.304908653,0.00215603,-0.43003078
MT,Montana,2001,0,0.539110111,0.303001667,0.002142545,-0.477643601
MT,Montana,2000,0,0.55415986,0.303828782,0.002148394,-0.419018609
NE,Nebraska,2018,NA,0.283517455,0.304150537,0.002150669,1.810281808
NE,Nebraska,2017,NA,0.312040585,0.304172841,0.002150827,1.882111544
NE,Nebraska,2016,NA,0.316914792,0.302434701,0.002138536,1.882111544
NE,Nebraska,2015,NA,0.315407429,0.303118654,0.002143373,1.253860141
NE,Nebraska,2014,NA,0.316014842,0.304090663,0.002150246,1.253860141
NE,Nebraska,2013,NA,0.345102287,0.304449344,0.002152782,1.391845601
NE,Nebraska,2012,NA,0.360626131,0.304433341,0.002152669,1.343703367
NE,Nebraska,2011,NA,0.339865412,0.301881688,0.002134626,0.542389611
NE,Nebraska,2010,NA,0.342344621,0.302243152,0.002137182,0.546186167
NE,Nebraska,2009,NA,0.341744647,0.30058649,0.002125467,0.846090104
NE,Nebraska,2008,NA,0.329344385,0.303265853,0.002144413,0.824104772
NE,Nebraska,2007,NA,0.307716266,0.303900302,0.0021489,0.741516473
NE,Nebraska,2006,NA,0.315749956,0.304740456,0.00215484,0.760756883
NE,Nebraska,2005,NA,0.324542817,0.305777852,0.002162176,0.883160851
NE,Nebraska,2004,NA,0.261476587,0.305708074,0.002161683,0.596960214
NE,Nebraska,2003,NA,0.26641907,0.303605942,0.002146818,0.601977292
NE,Nebraska,2002,NA,0.247698223,0.305678614,0.002161474,0.546092522
NE,Nebraska,2001,NA,0.258585578,0.302862481,0.002141561,0.58597831
NE,Nebraska,2000,NA,0.250330069,0.304905804,0.00215601,0.2531379
NV,Nevada,2018,0,0.451006519,0.304945122,0.002156288,1.722346088
NV,Nevada,2017,0,0.442186659,0.303972725,0.002149412,1.526169455
NV,Nevada,2016,0,0.442549414,0.301421139,0.002131369,1.526169455
NV,Nevada,2015,0,0.608520252,0.307386515,0.002173551,1.142019934
NV,Nevada,2014,1,0.607680768,0.305954108,0.002163422,1.142019934
NV,Nevada,2013,1,0.637062565,0.304465046,0.002152893,1.038790372
NV,Nevada,2012,1,0.649938288,0.305686826,0.002161532,1.117407336
NV,Nevada,2011,1,-0.037543344,0.30529608,0.002158769,0.15000648
NV,Nevada,2010,1,-0.036196727,0.30351615,0.002146183,0.162138593
NV,Nevada,2009,1,-0.180939757,0.301249061,0.002130153,0.245704125
NV,Nevada,2008,1,-0.204070233,0.305951998,0.002163407,0.226797526
NV,Nevada,2007,1,-0.056964245,0.303925528,0.002149078,0.143819869
NV,Nevada,2006,1,-0.055298391,0.303390355,0.002145294,0.137446592
NV,Nevada,2005,1,-0.045262565,0.305915212,0.002163147,0.238628086
NV,Nevada,2004,1,-0.03966967,0.30281376,0.002141217,0.245860048
NV,Nevada,2003,1,0.266904123,0.304158837,0.002150728,0.393988927
NV,Nevada,2002,1,0.275787296,0.305167929,0.002157863,0.138835424
NV,Nevada,2001,1,0.119820773,0.302677976,0.002140256,-0.06034603
NV,Nevada,2000,1,0.112775838,0.304786384,0.002155165,-0.068049437
NH,New Hampshire,2018,0,-0.067485793,0.303469805,0.002145856,0.830643603
NH,New Hampshire,2017,0,-0.041954432,0.303406689,0.002145409,0.952982381
NH,New Hampshire,2016,1,-0.044129257,0.302332601,0.002137814,0.952982381
NH,New Hampshire,2015,1,-0.06178217,0.303089819,0.002143169,0.480964364
NH,New Hampshire,2014,1,-0.058983706,0.301041555,0.002128685,0.480964364
NH,New Hampshire,2013,1,-0.019388031,0.302539894,0.00213928,0.710262137
NH,New Hampshire,2012,1,0.046178811,0.302059603,0.002135884,0.534792581
NH,New Hampshire,2011,1,0.182316695,0.302193661,0.002136832,0.508341214
NH,New Hampshire,2010,2,0.194544126,0.301251109,0.002130167,0.509148116
NH,New Hampshire,2009,2,0.274037538,0.306532932,0.002167515,0.271536441
NH,New Hampshire,2008,2,0.266893923,0.30566448,0.002161374,0.258321321
NH,New Hampshire,2007,2,0.229157338,0.304656226,0.002154245,0.104401486
NH,New Hampshire,2006,1,0.235825857,0.30450974,0.002153209,0.113018771
NH,New Hampshire,2005,1,0.261785937,0.304034796,0.002149851,0.442961977
NH,New Hampshire,2004,0,0.259014338,0.303795884,0.002148161,0.445270279
NH,New Hampshire,2003,0,0.237550196,0.306109556,0.002164521,0.068440173
NH,New Hampshire,2002,1,0.237976075,0.303792783,0.002148139,0.056680672
NH,New Hampshire,2001,1,0.261752655,0.304695575,0.002154523,0.146760752
NH,New Hampshire,2000,1,0.275408124,0.304916965,0.002156089,0.163223685
NJ,New Jersey,2018,2,0.448819063,0.302291569,0.002137524,0.938293532
NJ,New Jersey,2017,1,1.28762569,0.304176884,0.002150855,0.875526096
NJ,New Jersey,2016,1,1.286131838,0.303350379,0.002145011,0.875526096
NJ,New Jersey,2015,1,1.077094517,0.305487138,0.00216012,0.793401621
NJ,New Jersey,2014,1,1.051841866,0.304349889,0.002152079,0.598544674
NJ,New Jersey,2013,1,1.136569819,0.305922067,0.002163196,0.317334114
NJ,New Jersey,2012,1,1.143429179,0.305888844,0.002162961,0.274858629
NJ,New Jersey,2011,1,1.220085838,0.305270694,0.00215859,-0.113958429
NJ,New Jersey,2010,1,1.207403786,0.304071763,0.002150112,-0.146199405
NJ,New Jersey,2009,2,1.317725703,0.306223223,0.002165325,0.215786571
NJ,New Jersey,2008,2,1.308806923,0.302388779,0.002138212,0.187560302
NJ,New Jersey,2007,2,0.849359815,0.302689951,0.002140341,-0.097119766
NJ,New Jersey,2006,2,0.85113854,0.304183305,0.002150901,-0.378950775
NJ,New Jersey,2005,2,1.332670616,0.302513468,0.002139093,-0.040061501
NJ,New Jersey,2004,2,1.335209192,0.305480416,0.002160073,-0.031300402
NJ,New Jersey,2003,1,1.236330049,0.305671723,0.002161425,-0.13073219
NJ,New Jersey,2002,1,1.237580144,0.305042874,0.002156979,-0.125723578
NJ,New Jersey,2001,0,0.171593061,0.306090998,0.00216439,-0.739105243
NJ,New Jersey,2000,0,0.157696491,0.30574017,0.002161909,-0.763136329
NM,New Mexico,2018,1,0.799215586,0.305458198,0.002159916,1.940576705
NM,New Mexico,2017,1,0.785169049,0.302569983,0.002139493,1.584051838
NM,New Mexico,2016,1,0.784231638,0.304775178,0.002155086,1.584051838
NM,New Mexico,2015,1,0.705356808,0.302239753,0.002137158,0.653280272
NM,New Mexico,2014,1,0.709233172,0.304394836,0.002152397,0.653280272
NM,New Mexico,2013,1,0.772689325,0.305637525,0.002161184,1.348944721
NM,New Mexico,2012,1,0.77360935,0.301942548,0.002135056,1.344885567
NM,New Mexico,2011,1,0.615712173,0.304075608,0.002150139,0.944516322
NM,New Mexico,2010,2,0.625576148,0.304347959,0.002152065,0.96192197
NM,New Mexico,2009,2,0.643333929,0.303829532,0.002148399,1.025715656
NM,New Mexico,2008,2,0.645861386,0.303313633,0.002144751,0.77116008
NM,New Mexico,2007,2,0.660743512,0.303650553,0.002147134,0.644205462
NM,New Mexico,2006,2,0.660658177,0.306676194,0.002168528,0.639266569
NM,New Mexico,2005,2,0.662091363,0.302892406,0.002141773,0.675102622
NM,New Mexico,2004,2,0.666721488,0.302395202,0.002138257,0.67269968
NM,New Mexico,2003,2,0.488854673,0.303022306,0.002142691,0.417040695
NM,New Mexico,2002,1,0.486300179,0.301187246,0.002129715,0.423016739
NM,New Mexico,2001,1,0.73455158,0.308394235,0.002180677,0.634079196
NM,New Mexico,2000,1,0.684933729,0.304843192,0.002155567,0.115863045
NY,New York,2018,1,0.841012728,0.305856271,0.00216273,0.655995665
NY,New York,2017,1,0.833822324,0.307213956,0.002172331,0.564688007
NY,New York,2016,1,0.833004104,0.302120273,0.002136313,0.564688007
NY,New York,2015,1,0.621999266,0.305996282,0.00216372,0.531960449
NY,New York,2014,2,0.616300815,0.305314949,0.002158903,0.531960449
NY,New York,2013,2,0.837043585,0.304807049,0.002155311,0.599071782
NY,New York,2012,1,0.852708803,0.302424139,0.002138462,0.636243253
NY,New York,2011,1,0.554124589,0.304960482,0.002156396,0.009523715
NY,New York,2010,2,0.548722021,0.304526876,0.00215333,0.003764136
NY,New York,2009,2,0.626759485,0.302638459,0.002139977,-0.011629319
NY,New York,2008,1,0.589464115,0.305096197,0.002157356,-0.122376136
NY,New York,2007,1,0.570639672,0.307533555,0.002174591,-0.153562129
NY,New York,2006,1,0.567512436,0.303895271,0.002148864,-0.40558328
NY,New York,2005,1,0.625937443,0.308732419,0.002183068,-0.17566896
NY,New York,2004,1,0.630591134,0.306643163,0.002168295,-0.177698591
NY,New York,2003,1,0.102444287,0.306997664,0.002170801,-0.58809928
NY,New York,2002,1,0.113649028,0.303015673,0.002142644,-0.546084047
NY,New York,2001,1,0.24910483,0.3075993,0.002175056,-0.433998976
NY,New York,2000,1,0.240440704,0.307799997,0.002176475,-0.445455315
NC,North Carolina,2018,0,-2.443875218,0.309401404,0.002187798,-0.396296845
NC,North Carolina,2017,0,-2.229943374,0.308811997,0.002183631,-0.48584518
NC,North Carolina,2016,0,-2.232995294,0.307125094,0.002171702,-0.48584518
NC,North Carolina,2015,0,-2.797874505,0.312698119,0.00221111,-0.589862727
NC,North Carolina,2014,0,-2.792405506,0.312561489,0.002210143,-0.589862727
NC,North Carolina,2013,0,-2.637380708,0.310537354,0.002195831,-0.541555859
NC,North Carolina,2012,1,-2.341365233,0.309327028,0.002187272,0.180262315
NC,North Carolina,2011,1,0.672450678,0.304847532,0.002155598,1.469003819
NC,North Carolina,2010,2,0.683429948,0.304829549,0.00215547,1.446448314
NC,North Carolina,2009,2,0.986078614,0.303067829,0.002143013,1.862337186
NC,North Carolina,2008,2,0.962045231,0.304110415,0.002150385,1.806187611
NC,North Carolina,2007,2,1.322750001,0.308143372,0.002178903,1.90998311
NC,North Carolina,2006,2,1.266397714,0.308360014,0.002180435,1.6209435
NC,North Carolina,2005,2,1.251853553,0.306455545,0.002166968,1.880187084
NC,North Carolina,2004,1,1.241448425,0.306265227,0.002165622,1.830566236
NC,North Carolina,2003,1,1.335139097,0.307276738,0.002172775,1.858629121
NC,North Carolina,2002,2,1.313174908,0.306737303,0.00216896,1.779103385
NC,North Carolina,2001,2,0.836473138,0.301301921,0.002130526,1.616754164
NC,North Carolina,2000,2,0.841817519,0.304748604,0.002154898,1.31801747
ND,North Dakota,2018,0,0.388170783,0.307612871,0.002175151,0.813470881
ND,North Dakota,2017,0,0.361614067,0.306704618,0.002168729,0.836951009
ND,North Dakota,2016,0,0.361133878,0.306769935,0.002169191,0.836951009
ND,North Dakota,2015,0,0.278636679,0.304870602,0.002155761,0.93857217
ND,North Dakota,2014,0,0.278578201,0.300075459,0.002121854,0.93857217
ND,North Dakota,2013,0,0.442093992,0.301892874,0.002134705,1.309274522
ND,North Dakota,2012,0,0.577831146,0.305475951,0.002160041,1.537634484
ND,North Dakota,2011,0,0.429675842,0.302841448,0.002141412,1.142996714
ND,North Dakota,2010,0,0.435881395,0.303396151,0.002145335,1.153712701
ND,North Dakota,2009,0,0.699261959,0.304836659,0.002155521,1.431067469
ND,North Dakota,2008,0,0.687608348,0.305312213,0.002158883,1.432510594
ND,North Dakota,2007,0,0.692088159,0.304639947,0.00215413,1.415118356
ND,North Dakota,2006,0,0.700552996,0.30446624,0.002152901,1.440559255
ND,North Dakota,2005,0,0.624391132,0.304192142,0.002150963,1.418718196
ND,North Dakota,2004,0,0.637879093,0.303677066,0.002147321,1.177243979
ND,North Dakota,2003,0,0.61246394,0.306479331,0.002167136,1.097153963
ND,North Dakota,2002,0,0.716313294,0.304193151,0.00215097,1.356439752
ND,North Dakota,2001,0,0.787051296,0.304190784,0.002150954,1.405176441
ND,North Dakota,2000,0,0.786636644,0.304672485,0.00215436,1.406121366
OH,Ohio,2018,0,-1.74244247,0.306066265,0.002164215,-1.00367603
OH,Ohio,2017,0,-1.688201271,0.308115683,0.002178707,-1.045135645
OH,Ohio,2016,0,-1.687497115,0.3067552,0.002169087,-1.045135645
OH,Ohio,2015,0,-2.271471143,0.307756272,0.002176165,-1.976497563
OH,Ohio,2014,0,-2.270259725,0.310047782,0.002192369,-1.976497563
OH,Ohio,2013,0,-2.520488756,0.307295076,0.002172904,-2.350788792
OH,Ohio,2012,0,-2.498483004,0.311490399,0.00220257,-2.403073553
OH,Ohio,2011,0,0.106643851,0.303920989,0.002149046,-1.11900392
OH,Ohio,2010,1,0.095467282,0.304155278,0.002150703,-1.041229036
OH,Ohio,2009,1,0.619563091,0.304411257,0.002152513,-1.126908026
OH,Ohio,2008,1,0.581908814,0.304056352,0.002150003,-1.15983993
OH,Ohio,2007,1,-0.641638524,0.304942604,0.00215627,-2.012118772
OH,Ohio,2006,0,-0.647380541,0.304579516,0.002153702,-2.014828296
OH,Ohio,2005,0,-0.668850727,0.305331493,0.00215902,-1.3916657
OH,Ohio,2004,0,-0.6625175,0.304201998,0.002151033,-1.38949642
OH,Ohio,2003,0,-0.596787912,0.304524038,0.00215331,-1.391085442
OH,Ohio,2002,0,-0.590856565,0.302832934,0.002141352,-1.664027629
OH,Ohio,2001,0,0.40099626,0.304676684,0.002154389,-1.125334328
OH,Ohio,2000,0,0.402098765,0.303408898,0.002145425,-1.145329262
OK,Oklahoma,2018,0,-0.917895563,0.30907346,0.002185479,-0.258654588
OK,Oklahoma,2017,0,-0.938290871,0.308224984,0.00217948,-0.57909298
OK,Oklahoma,2016,0,-0.936076129,0.302289127,0.002137507,-0.57909298
OK,Oklahoma,2015,0,-0.903577042,0.303263158,0.002144394,-0.406693365
OK,Oklahoma,2014,0,-0.903678131,0.304880568,0.002155831,-0.406693365
OK,Oklahoma,2013,0,-0.683771375,0.30627177,0.002165668,-1.306314697
OK,Oklahoma,2012,0,-0.63548411,0.303151077,0.002143602,-1.36715219
OK,Oklahoma,2011,0,-0.286690355,0.302999133,0.002142527,-1.389950576
OK,Oklahoma,2010,1,-0.282986089,0.305847295,0.002162667,-1.391450874
OK,Oklahoma,2009,1,-0.28051982,0.305857474,0.002162739,-1.064276345
OK,Oklahoma,2008,1,-0.198958016,0.304483142,0.002153021,-0.825933503
OK,Oklahoma,2007,1,0.019528031,0.301167636,0.002129577,-0.69260381
OK,Oklahoma,2006,1,0.022394379,0.303500484,0.002146073,-0.686422753
OK,Oklahoma,2005,1,-0.07731923,0.303857222,0.002148595,-0.588511057
OK,Oklahoma,2004,2,-0.064775447,0.302831695,0.002141343,-0.577769722
OK,Oklahoma,2003,2,0.23347075,0.303091876,0.002143183,-0.443741372
OK,Oklahoma,2002,1,0.227680831,0.305729344,0.002161833,-0.45719796
OK,Oklahoma,2001,1,0.264821511,0.303418132,0.00214549,-0.409252261
OK,Oklahoma,2000,1,0.250657545,0.304183764,0.002150904,-0.435835927
OR,Oregon,2018,2,0.897165197,0.30631376,0.002165965,1.722120243
OR,Oregon,2017,2,0.913185858,0.304824135,0.002155432,1.796672725
OR,Oregon,2016,2,0.908384458,0.308308568,0.002180071,1.796672725
OR,Oregon,2015,2,0.848956112,0.304325383,0.002151905,1.279267952
OR,Oregon,2014,2,0.847138063,0.304066338,0.002150074,1.279267952
OR,Oregon,2013,2,0.978517096,0.304908947,0.002156032,1.552070914
OR,Oregon,2012,1,0.989216296,0.304829808,0.002155472,1.497526793
OR,Oregon,2011,1,1.072942086,0.306670219,0.002168486,1.190498305
OR,Oregon,2010,2,1.071137402,0.306121054,0.002164603,1.200012148
OR,Oregon,2009,2,1.039029706,0.304883428,0.002155851,0.600626037
OR,Oregon,2008,2,1.044123927,0.302716281,0.002140527,0.618626693
OR,Oregon,2007,2,0.905401232,0.304891831,0.002155911,0.396108192
OR,Oregon,2006,1,0.912760127,0.306948215,0.002170452,0.426612939
OR,Oregon,2005,1,0.773633022,0.303862038,0.002148629,0.476611858
OR,Oregon,2004,1,0.76217573,0.303033735,0.002142772,0.441355534
OR,Oregon,2003,1,0.93706565,0.30545048,0.002159861,0.46396829
OR,Oregon,2002,1,0.938307394,0.304568427,0.002153624,0.46936637
OR,Oregon,2001,1,0.89815533,0.305638784,0.002161193,0.511879029
OR,Oregon,2000,1,0.914740955,0.305448959,0.00215985,0.296252075
PA,Pennsylvania,2018,1,-0.638533422,0.307632897,0.002175293,-0.201037298
PA,Pennsylvania,2017,1,-1.584087877,0.306514284,0.002167383,-0.584390935
PA,Pennsylvania,2016,1,-1.583455187,0.304282505,0.002151602,-0.584390935
PA,Pennsylvania,2015,1,-2.006097724,0.309752193,0.002190279,-1.213359227
PA,Pennsylvania,2014,0,-2.003899092,0.308618592,0.002182263,-1.213359227
PA,Pennsylvania,2013,0,-2.181629949,0.309362503,0.002187523,-1.229835262
PA,Pennsylvania,2012,0,-2.161129348,0.313603452,0.002217511,-1.28236992
PA,Pennsylvania,2011,0,-0.133313571,0.302100511,0.002136173,-0.10221042
PA,Pennsylvania,2010,1,-0.134336205,0.303043744,0.002142843,-0.09653071
PA,Pennsylvania,2009,1,0.496267685,0.303529217,0.002146276,0.22241526
PA,Pennsylvania,2008,1,0.49137757,0.306100332,0.002164456,0.220477015
PA,Pennsylvania,2007,1,0.585931805,0.302165653,0.002136634,0.296011366
PA,Pennsylvania,2006,1,0.603709212,0.30255666,0.002139399,0.33323626
PA,Pennsylvania,2005,1,-0.154359663,0.306460835,0.002167005,-0.046281142
PA,Pennsylvania,2004,1,-0.164792504,0.30450914,0.002153205,-0.059099417
PA,Pennsylvania,2003,1,0.064508987,0.305874845,0.002162862,0.154023402
PA,Pennsylvania,2002,0,0.052331663,0.304013038,0.002149697,0.131175072
PA,Pennsylvania,2001,0,0.723054398,0.303324964,0.002144831,0.194622211
PA,Pennsylvania,2000,0,0.722755104,0.300495313,0.002124823,0.200596374
RI,Rhode Island,2018,2,-0.046015069,0.305554901,0.002160599,1.549448504
RI,Rhode Island,2017,2,-0.133114415,0.30283441,0.002141363,1.091333191
RI,Rhode Island,2016,2,-0.12679654,0.302759622,0.002140834,1.091333191
RI,Rhode Island,2015,2,-0.071355631,0.3057762,0.002162164,0.69735097
RI,Rhode Island,2014,2,-0.069542875,0.306365676,0.002166332,0.69735097
RI,Rhode Island,2013,1,-0.210825439,0.304255288,0.00215141,0.66764404
RI,Rhode Island,2012,1,-0.168077044,0.302887003,0.002141735,0.582422412
RI,Rhode Island,2011,1,0.022868632,0.305473446,0.002160023,0.449940345
RI,Rhode Island,2010,1,0.124855231,0.304312542,0.002151815,0.705500612
RI,Rhode Island,2009,1,0.170249087,0.303678877,0.002147334,0.799477467
RI,Rhode Island,2008,1,0.156364423,0.30418553,0.002150917,0.767129359
RI,Rhode Island,2007,1,0.190431065,0.303361451,0.002145089,0.858069
RI,Rhode Island,2006,1,0.194056048,0.30406588,0.00215007,0.860055415
RI,Rhode Island,2005,1,0.044734602,0.305525228,0.00216039,0.817901719
RI,Rhode Island,2004,1,0.04573675,0.308794883,0.00218351,0.833309486
RI,Rhode Island,2003,1,-0.112363665,0.303088071,0.002143156,0.592450534
RI,Rhode Island,2002,1,-0.118507017,0.304747633,0.002154891,0.58474901
RI,Rhode Island,2001,1,-0.127708577,0.302136868,0.00213643,0.477600097
RI,Rhode Island,2000,1,-0.128876995,0.306532312,0.002167511,0.569718072
SC,South Carolina,2018,0,-1.683523095,0.306380139,0.002166435,-0.526360982
SC,South Carolina,2017,0,-2.102089764,0.307007145,0.002170868,-0.711840487
SC,South Carolina,2016,0,-2.104072875,0.309137978,0.002185936,-0.711840487
SC,South Carolina,2015,0,-2.392370178,0.307959885,0.002177605,-1.063887497
SC,South Carolina,2014,0,-2.393613425,0.307735911,0.002176021,-1.063887497
SC,South Carolina,2013,0,-2.428990948,0.305398986,0.002159497,-1.707172047
SC,South Carolina,2012,0,-2.414781022,0.308746702,0.002183169,-1.68090418
SC,South Carolina,2011,0,-2.489821614,0.307992663,0.002177837,-2.104217765
SC,South Carolina,2010,0,-2.482449506,0.307733225,0.002176003,-2.097376742
SC,South Carolina,2009,0,-2.385828225,0.306385292,0.002166471,-2.365725363
SC,South Carolina,2008,0,-2.367661932,0.306520611,0.002167428,-2.284970372
SC,South Carolina,2007,0,-2.445872462,0.308484599,0.002181316,-2.486177902
SC,South Carolina,2006,0,-2.427284478,0.306085057,0.002164348,-2.434692175
SC,South Carolina,2005,0,-2.345031257,0.309010869,0.002185037,-2.254486526
SC,South Carolina,2004,0,-2.351624007,0.309211644,0.002186457,-2.288166407
SC,South Carolina,2003,0,-2.077748693,0.306997745,0.002170802,-2.125919836
SC,South Carolina,2002,1,-2.130167574,0.309848471,0.00219096,-2.255536828
SC,South Carolina,2001,1,-2.105061662,0.305977663,0.002163589,-2.178789282
SC,South Carolina,2000,1,-2.14861276,0.310804828,0.002197722,-2.259835071
SD,South Dakota,2018,0,-0.010225614,0.302927896,0.002142024,-0.66651691
SD,South Dakota,2017,0,0.021154955,0.303496636,0.002146045,-0.639809754
SD,South Dakota,2016,0,0.022306853,0.304015058,0.002149711,-0.639809754
SD,South Dakota,2015,0,-0.002626114,0.302709879,0.002140482,-0.703360956
SD,South Dakota,2014,0,0.002880607,0.304866719,0.002155733,-0.703360956
SD,South Dakota,2013,0,0.121902148,0.305367,0.002159271,-0.535230915
SD,South Dakota,2012,0,0.128895409,0.30370741,0.002147536,-0.535458546
SD,South Dakota,2011,0,0.27514746,0.30399751,0.002149587,-0.366863851
SD,South Dakota,2010,0,0.243677049,0.302217948,0.002137004,-0.377160627
SD,South Dakota,2009,0,0.287687218,0.305086291,0.002157286,-0.263507349
SD,South Dakota,2008,0,0.294927974,0.303434368,0.002145605,-0.26541058
SD,South Dakota,2007,0,0.240564824,0.303898813,0.002148889,-0.399264423
SD,South Dakota,2006,0,0.243852275,0.301510679,0.002132002,-0.3977011
SD,South Dakota,2005,0,0.369557613,0.305122715,0.002157543,-0.269580794
SD,South Dakota,2004,0,0.395569581,0.303257563,0.002144355,-0.216568488
SD,South Dakota,2003,0,0.399697031,0.306413908,0.002166674,-0.247245187
SD,South Dakota,2002,0,0.446464925,0.302555701,0.002139392,-0.260173597
SD,South Dakota,2001,0,0.437268171,0.305148534,0.002157726,-0.277420502
SD,South Dakota,2000,0,0.435752215,0.306384509,0.002166466,-0.296950791
TN,Tennessee,2018,0,-3.080718665,0.312782731,0.002211708,-1.404313758
TN,Tennessee,2017,0,-2.844328264,0.310234387,0.002193688,-1.74930891
TN,Tennessee,2016,0,-2.846570666,0.314193661,0.002221685,-1.74930891
TN,Tennessee,2015,0,-2.671467426,0.311786084,0.002204661,-1.714645483
TN,Tennessee,2014,0,-2.673500034,0.308768723,0.002183325,-1.714645483
TN,Tennessee,2013,0,-2.592194577,0.309202629,0.002186393,-1.934569185
TN,Tennessee,2012,0,-2.595326297,0.309751404,0.002190273,-1.934804453
TN,Tennessee,2011,0,-1.292319394,0.305428694,0.002159707,-1.381243279
TN,Tennessee,2010,1,-1.026359034,0.306547229,0.002167616,-0.848151406
TN,Tennessee,2009,1,-0.690563561,0.306425696,0.002166757,-0.758332139
TN,Tennessee,2008,1,-0.700561936,0.307725278,0.002175946,-0.769354282
TN,Tennessee,2007,1,-0.250349693,0.303499878,0.002146068,-0.642592284
TN,Tennessee,2006,1,-0.229205254,0.306388589,0.002166494,-0.637113006
TN,Tennessee,2005,1,-0.286245224,0.305612197,0.002161005,-0.656576361
TN,Tennessee,2004,2,-0.296717368,0.301459458,0.00213164,-0.684832483
TN,Tennessee,2003,2,0.387316098,0.306531131,0.002167502,-0.357196492
TN,Tennessee,2002,1,0.38129927,0.309206607,0.002186421,-0.355009089
TN,Tennessee,2001,1,-0.596980634,0.303547374,0.002146404,-0.777531911
TN,Tennessee,2000,1,-0.633198243,0.30713674,0.002171785,-0.80860659
TX,Texas,2018,0,-0.364201709,0.306753169,0.002169072,-0.185912428
TX,Texas,2017,0,-0.622122976,0.304573218,0.002153658,-0.780793325
TX,Texas,2016,0,-0.624743427,0.305147902,0.002157722,-0.780793325
TX,Texas,2015,0,-1.107655762,0.305943999,0.002163351,-1.30560311
TX,Texas,2014,0,-1.09993243,0.306011381,0.002163827,-1.30560311
TX,Texas,2013,0,-1.000407288,0.305418854,0.002159637,-1.190199424
TX,Texas,2012,0,-0.980139516,0.302602623,0.002139724,-1.199580127
TX,Texas,2011,0,-0.62784634,0.304514575,0.002153243,-1.165113733
TX,Texas,2010,0,-0.504009299,0.30610942,0.00216452,-0.651473437
TX,Texas,2009,0,0.027753941,0.302765423,0.002140875,-0.394797383
TX,Texas,2008,0,0.029587018,0.305475553,0.002160038,-0.678426038
TX,Texas,2007,0,-0.36975171,0.302516282,0.002139113,-0.985932825
TX,Texas,2006,0,-0.352445335,0.305677502,0.002161466,-1.057641301
TX,Texas,2005,0,-0.43058215,0.30360975,0.002146845,-0.995271745
TX,Texas,2004,0,-0.416313857,0.303953193,0.002149274,-1.042941998
TX,Texas,2003,0,-0.07734104,0.304355188,0.002152116,-0.950097303
TX,Texas,2002,1,-0.07081385,0.305203951,0.002158118,-0.866119601
TX,Texas,2001,1,0.037394815,0.303921091,0.002149047,-0.786203328
TX,Texas,2000,1,0.027978127,0.304534703,0.002153386,-1.064388829
UT,Utah,2018,0,-0.306362094,0.304964917,0.002156428,0.797427512
UT,Utah,2017,0,-0.42816911,0.30303748,0.002142799,0.652469473
UT,Utah,2016,0,-0.424047536,0.304634946,0.002154094,0.652469473
UT,Utah,2015,0,-0.393758625,0.304908825,0.002156031,0.285714092
UT,Utah,2014,0,-0.389311676,0.303160127,0.002143666,0.285714092
UT,Utah,2013,0,-0.328408056,0.302771866,0.00214092,0.465954906
UT,Utah,2012,0,-0.31134413,0.304714076,0.002154654,0.38365458
UT,Utah,2011,0,-0.059051547,0.305718509,0.002161756,0.364171709
UT,Utah,2010,0,-0.068106558,0.302998393,0.002142522,0.365260178
UT,Utah,2009,0,0.284145824,0.302809455,0.002141186,0.107370493
UT,Utah,2008,0,0.385116033,0.301762247,0.002133781,0.39286547
UT,Utah,2007,0,0.007895109,0.30275258,0.002140784,0.142201721
UT,Utah,2006,0,0.012457284,0.30250679,0.002139046,0.143063574
UT,Utah,2005,0,0.046105056,0.302780437,0.002140981,0.245666335
UT,Utah,2004,0,0.04981046,0.301337448,0.002130778,0.255842976
UT,Utah,2003,0,0.141559791,0.302230613,0.002137093,0.263631516
UT,Utah,2002,0,0.139666553,0.306445523,0.002166897,0.259295727
UT,Utah,2001,0,0.691372451,0.304132515,0.002150542,0.625664875
UT,Utah,2000,0,0.68589972,0.304601361,0.002153857,0.330637253
VT,Vermont,2018,2,0.388816478,0.304323592,0.002151893,2.192974429
VT,Vermont,2017,2,0.395387944,0.304018275,0.002149734,1.79548693
VT,Vermont,2016,2,0.397970288,0.304580544,0.00215371,1.79548693
VT,Vermont,2015,2,0.387224202,0.302249228,0.002137225,0.535409569
VT,Vermont,2014,2,0.34015286,0.303506792,0.002146117,0.275600306
VT,Vermont,2013,2,0.388472622,0.306938236,0.002170381,-0.0890164
VT,Vermont,2012,2,0.420580953,0.305467391,0.002159981,-0.051091715
VT,Vermont,2011,2,0.405848907,0.302844938,0.002141437,-0.185707024
VT,Vermont,2010,1,0.404691305,0.302587355,0.002139616,-0.190321488
VT,Vermont,2009,1,0.418850129,0.306533613,0.00216752,-0.030272717
VT,Vermont,2008,1,0.418423628,0.304057111,0.002150008,-0.011870418
VT,Vermont,2007,1,0.398242943,0.307354062,0.002173321,-0.140287003
VT,Vermont,2006,1,0.404011976,0.303399767,0.00214536,-0.155680227
VT,Vermont,2005,1,0.41971687,0.305798821,0.002162324,-0.070049975
VT,Vermont,2004,1,0.435977232,0.303373264,0.002145173,0.028946803
VT,Vermont,2003,1,0.403902615,0.302148766,0.002136514,-0.123973792
VT,Vermont,2002,1,0.404542501,0.305139314,0.002157661,-0.060767464
VT,Vermont,2001,1,0.424939227,0.302661345,0.002140139,-0.033882699
VT,Vermont,2000,2,0.439595953,0.306776175,0.002169235,0.024590197
VA,Virginia,2018,1,-0.193558422,0.304347902,0.002152065,-0.790087426
VA,Virginia,2017,1,-0.64706777,0.304948265,0.00215631,-0.978168785
VA,Virginia,2016,1,-0.649384596,0.303142182,0.002143539,-0.978168785
VA,Virginia,2015,1,-1.612305103,0.305189122,0.002158013,-1.389567666
VA,Virginia,2014,1,-1.615183511,0.308420565,0.002180863,-1.389567666
VA,Virginia,2013,1,-1.854695424,0.307151317,0.002171888,-1.907951229
VA,Virginia,2012,1,-1.883254992,0.307077655,0.002171367,-2.106002381
VA,Virginia,2011,1,-0.335170579,0.305604859,0.002160953,-1.12270375
VA,Virginia,2010,1,-0.332324747,0.30254162,0.002139292,-1.14522912
VA,Virginia,2009,1,0.284856237,0.30485463,0.002155648,-0.657795607
VA,Virginia,2008,1,0.271681741,0.306931292,0.002170332,-0.670167247
VA,Virginia,2007,1,-1.373140343,0.303462343,0.002145803,-1.709324328
VA,Virginia,2006,1,-1.350070602,0.307050365,0.002171174,-1.643636411
VA,Virginia,2005,1,-0.969017545,0.303138652,0.002143514,-1.258098421
VA,Virginia,2004,1,-0.973984858,0.303779475,0.002148045,-1.252660485
VA,Virginia,2003,1,-1.016093121,0.306563539,0.002167732,-1.446982918
VA,Virginia,2002,1,-1.019231401,0.306411888,0.002166659,-1.430800096
VA,Virginia,2001,0,0.111691155,0.303574011,0.002146592,-0.765961228
VA,Virginia,2000,0,0.123404623,0.305080214,0.002157243,-1.063778005
WA,Washington,2018,2,1.88969311,0.308873756,0.002184067,1.703607803
WA,Washington,2017,1,1.77891655,0.306851012,0.002169764,1.551733191
WA,Washington,2016,1,1.783452402,0.303981125,0.002149471,1.551733191
WA,Washington,2015,1,1.836089071,0.304937381,0.002156233,1.226576306
WA,Washington,2014,2,1.83467408,0.306350098,0.002166222,1.226576306
WA,Washington,2013,2,1.792541204,0.306816694,0.002169522,1.139301056
WA,Washington,2012,2,1.823912426,0.304701276,0.002154563,1.129547613
WA,Washington,2011,2,1.732799527,0.306829366,0.002169611,0.792101962
WA,Washington,2010,2,1.730896153,0.305670707,0.002161418,0.784729716
WA,Washington,2009,2,1.288360574,0.305654709,0.002161305,0.355753008
WA,Washington,2008,2,1.282981847,0.305498273,0.002160199,0.356329669
WA,Washington,2007,2,1.377904412,0.307838392,0.002176746,0.317706014
WA,Washington,2006,2,1.390247377,0.304479943,0.002152998,0.042834783
WA,Washington,2005,2,1.423662835,0.307241297,0.002172524,0.249886765
WA,Washington,2004,1,1.533564605,0.304855919,0.002155657,0.504941732
WA,Washington,2003,1,1.369950245,0.302695485,0.00214038,0.266698705
WA,Washington,2002,2,1.364127246,0.301459776,0.002131643,0.234096507
WA,Washington,2001,1,1.497041985,0.306111859,0.002164538,0.356932765
WA,Washington,2000,1,1.493236907,0.304524391,0.002153313,0.334095547
WV,West Virginia,2018,1,-0.166235354,0.303734681,0.002147729,0.762387765
WV,West Virginia,2017,1,-0.174859267,0.305521307,0.002160362,0.778162528
WV,West Virginia,2016,1,-0.175330951,0.303556273,0.002146467,0.778162528
WV,West Virginia,2015,1,0.050155809,0.30549433,0.002160171,0.297775749
WV,West Virginia,2014,2,0.054623297,0.30114617,0.002129425,0.297775749
WV,West Virginia,2013,2,-0.161624398,0.303899935,0.002148897,0.316831074
WV,West Virginia,2012,2,-0.137834642,0.304534172,0.002153382,0.239646347
WV,West Virginia,2011,2,-0.025122342,0.302592226,0.00213965,-0.46435683
WV,West Virginia,2010,2,-0.021890783,0.299877542,0.002120454,-0.465854862
WV,West Virginia,2009,2,0.00697052,0.303038056,0.002142803,-0.390567153
WV,West Virginia,2008,2,0.0217736,0.302944646,0.002142142,-0.365937026
WV,West Virginia,2007,2,-0.017460237,0.30223357,0.002137114,-0.493603799
WV,West Virginia,2006,2,-0.003418189,0.303007052,0.002142583,-0.469174562
WV,West Virginia,2005,2,0.01632653,0.303000055,0.002142534,-0.248632603
WV,West Virginia,2004,2,0.003941826,0.304386787,0.00215234,-0.299147342
WV,West Virginia,2003,2,-0.010034688,0.301120963,0.002129247,-0.645732067
WV,West Virginia,2002,2,-0.008884764,0.303527864,0.002146266,-0.638447297
WV,West Virginia,2001,2,0.006668961,0.303615088,0.002146883,-0.607663406
WV,West Virginia,2000,1,0.009799203,0.303463226,0.002145809,-0.615918636
WI,Wisconsin,2018,0,-1.919140922,0.307154685,0.002171912,-0.70463598
WI,Wisconsin,2017,0,-1.714245378,0.305757085,0.002162029,-0.51555787
WI,Wisconsin,2016,0,-1.714748312,0.307093962,0.002171482,-0.51555787
WI,Wisconsin,2015,0,-1.33589273,0.308757064,0.002183242,-0.622938147
WI,Wisconsin,2014,0,-1.334414577,0.305228236,0.00215829,-0.622938147
WI,Wisconsin,2013,0,-1.437229465,0.304793541,0.002155216,-0.618598316
WI,Wisconsin,2012,1,-1.411951219,0.304111414,0.002150392,-0.6185213
WI,Wisconsin,2011,0,0.747729777,0.305706451,0.002161671,0.52130045
WI,Wisconsin,2010,2,0.99268636,0.304355062,0.002152115,1.009658689
WI,Wisconsin,2009,2,0.9237828,0.30394091,0.002149187,1.258812426
WI,Wisconsin,2008,1,0.917615584,0.302582473,0.002139581,1.25230908
WI,Wisconsin,2007,1,0.900862137,0.302971445,0.002142332,1.131429143
WI,Wisconsin,2006,1,0.905738259,0.305619585,0.002161057,1.127679261
WI,Wisconsin,2005,1,1.071686578,0.304694569,0.002154516,1.315454136
WI,Wisconsin,2004,1,1.065468418,0.3046735,0.002154367,1.273207418
WI,Wisconsin,2003,1,1.349274837,0.30812049,0.002178741,1.501466567
WI,Wisconsin,2002,1,1.34657255,0.307756442,0.002176167,1.498009644
WI,Wisconsin,2001,1,1.111850822,0.303703487,0.002147508,1.351485085
WI,Wisconsin,2000,1,1.115513785,0.305003275,0.002156699,1.368876366
WY,Wyoming,2018,0,0.184083752,0.303932362,0.002149126,0.236143056
WY,Wyoming,2017,0,0.18367028,0.303951862,0.002149264,0.078469629
WY,Wyoming,2016,0,0.183527451,0.301047701,0.002128729,0.078469629
WY,Wyoming,2015,0,0.135521985,0.303981886,0.002149477,-0.24387801
WY,Wyoming,2014,0,0.137422193,0.301061581,0.002128827,-0.24387801
WY,Wyoming,2013,0,0.175444427,0.299546571,0.002118114,-0.081287795
WY,Wyoming,2012,0,0.165989788,0.302306637,0.002137631,-0.066726221
WY,Wyoming,2011,0,0.262589272,0.303643427,0.002147083,-0.037930788
WY,Wyoming,2010,1,0.252148736,0.304692724,0.002154503,-0.052714476
WY,Wyoming,2009,1,0.262488326,0.30221409,0.002136976,-0.174128787
WY,Wyoming,2008,1,0.257081896,0.303551028,0.00214643,-0.200102452
WY,Wyoming,2007,1,0.281752351,0.302431917,0.002138517,-0.220108326
WY,Wyoming,2006,1,0.28337422,0.30461898,0.002153981,-0.219706035
WY,Wyoming,2005,1,0.289334709,0.303282239,0.002144529,-0.132459374
WY,Wyoming,2004,1,0.302964248,0.30358516,0.002146671,-0.112566385
WY,Wyoming,2003,1,0.403754554,0.302123928,0.002136339,-0.163668549
WY,Wyoming,2002,0,0.403670088,0.305490791,0.002160146,-0.18801285
WY,Wyoming,2001,0,0.61894866,0.304193622,0.002150974,-0.038264237
WY,Wyoming,2000,0,0.611419799,0.299779649,0.002119762,-0.090987041
